Fixation_Start_Time,Fixation_End_Time,Fixation_Duration,Average_Gaze_X,Average_Gaze_Y,Average_Velocity
1539165768669,1539165768795,126,-0.07242380000000001,0.18922460000000002,0.01460613642173995
1539165769155,1539165769747,592,-0.048585315789473685,0.2054481052631579,0.009081402850061773
1539165769825,1539165773434,3609,-0.05319050909090908,0.2088151363636364,0.009226853342691353
1539165773746,1539165773982,236,0.03124325,0.205788625,0.01880701375783165
1539165774077,1539165777465,3388,-0.05081415533980583,0.22323404854368933,0.007754249242098359
1539165777529,1539165777841,312,-0.040670399999999995,0.20595270000000002,0.009332411191959752
1539165777903,1539165778342,439,-0.04677828571428572,0.22636292857142856,0.010451738810046624
1539165778404,1539165778545,141,-0.0548392,0.21158580000000002,0.013501165572039084
1539165778607,1539165779872,1265,-0.08386507692307693,0.19857625641025642,0.010806145957369085
1539165779934,1539165781170,1236,-0.057193868421052625,0.22319607894736843,0.009970600006242673
1539165781231,1539165781607,376,-0.046532083333333335,0.2159904166666667,0.008245815716841503
1539165781669,1539165783028,1359,-0.0528319761904762,0.24084654761904767,0.009475919519121908
1539165783107,1539165783389,282,-0.0415688,0.25703339999999997,0.01416027309546331
1539165783637,1539165784373,736,-0.09455226086956521,0.17035660869565214,0.012990804976968565
1539165784435,1539165784560,125,-0.060481799999999995,0.235014,0.014218786465434641
1539165784622,1539165785669,1047,-0.05329003125,0.2545119375,0.012434449988378445
1539165785762,1539165786388,626,0.0020311500000000002,0.21698889999999998,0.007598799550822119
1539165786467,1539165787092,625,0.03172560000000001,0.2275077,0.013762222935315285
1539165787356,1539165787513,157,-0.16436983333333335,0.23979550000000002,0.010388112604720499
1539165787622,1539165788684,1062,-0.05156427272727273,0.2513680303030303,0.010264461569111802
1539165788747,1539165789028,281,-0.059589333333333334,0.23112688888888888,0.009978632957222625
1539165789091,1539165789216,125,-0.0769716,0.2131748,0.011160051393082855
1539165789278,1539165789951,673,-0.09451019047619047,0.20963714285714286,0.008566785934086074
1539165790045,1539165790545,500,-0.071314,0.22044768750000002,0.011916728706966254
1539165790623,1539165790903,280,0.0025463,0.2181825,0.016375094811719827
1539165791030,1539165791466,436,-0.1394792727272727,0.21635327272727267,0.015735716729347905
1539165791529,1539165791717,188,-0.082055,0.20847414285714286,0.023674650549826575
1539165791779,1539165791918,139,-0.142041,0.207125,0.010816057677900994
1539165791982,1539165792295,313,-0.1506173,0.2027593,0.009107044453098827
1539165792358,1539165792716,358,-0.17284758333333336,0.19639450000000003,0.01522466214972682
1539165793014,1539165793122,108,-0.01467925,0.28153075,0.015540442679451913
1539165793216,1539165793403,187,-0.041135,0.2914818571428571,0.01832784506466372
1539165793920,1539165794108,188,-0.09693228571428571,0.16758471428571428,0.016836407637212673
1539165794420,1539165795106,686,-0.18361354545454545,0.26929195454545457,0.011690307889744546
1539165795341,1539165795576,235,-0.14291975,0.244472625,0.015411400628236352
1539165795840,1539165796310,470,-0.08225419999999999,0.1740424666666667,0.009809146388570195
1539165796575,1539165796732,157,-0.08363549999999999,0.17207716666666664,0.02545034572758946
1539165797044,1539165797169,125,-0.0898702,0.29440039999999995,0.02634348333593788
1539165797278,1539165797404,126,-0.08660939999999999,0.19538080000000002,0.011788674365796673
1539165797467,1539165797685,218,-0.08058485714285715,0.16537771428571427,0.011345012056987807
1539165797936,1539165798278,342,0.18015409090909093,0.27657872727272725,0.019840689049851434
1539165798372,1539165799106,734,-0.027373739130434786,0.3076116956521739,0.01416520781388866
1539165799201,1539165799341,140,0.1207252,0.2851494,0.02978859184310917
1539165799966,1539165800091,125,0.274613,0.23394779999999998,0.03261528032491301
1539165800170,1539165800403,233,0.207092,0.298429375,0.019458827721307005
1539165801200,1539165801325,125,-0.0267654,0.2431836,0.039107065043058234
1539165801607,1539165801763,156,0.1920221666666667,0.30438333333333334,0.027379660388708853
1539165802247,1539165802529,282,-0.0334065,0.3092313,0.01430311376403744
1539165802592,1539165802733,141,-0.024021400000000002,0.310019,0.018918492704466255
1539165803295,1539165803561,266,0.26456288888888896,0.2689424444444445,0.013441501247124142
1539165803623,1539165803793,170,0.27128966666666665,0.3143966666666666,0.016364990178205387
1539165805592,1539165805825,233,0.0289795,0.304946875,0.022358965040858846
1539165805951,1539165806060,109,0.18549575000000001,0.27300725,0.02499951279337923
1539165806154,1539165806326,172,0.2852755,0.26917416666666666,0.014847512623472751
1539165806747,1539165806920,173,0.30403766666666665,0.30168283333333334,0.015156189198228137
1539165807090,1539165807388,298,0.3065742,0.2474179,0.0106816348817298
1539165809185,1539165809357,172,0.11781316666666668,0.03844383333333334,0.01759475693358584
1539165809622,1539165809825,203,0.12134785714285713,0.052371,0.021358638982291622
1539165812873,1539165813123,250,0.38609887499999995,0.060964375,0.018671313147987124
1539165814264,1539165814450,186,0.3019805,0.2683626666666667,0.014634227065942132
1539165814873,1539165815075,202,0.2812204285714286,0.2890284285714286,0.012538557644388845
1539165815575,1539165815684,109,0.22479325,0.30366550000000003,0.017399725080472342
1539165816013,1539165816138,125,0.25431220000000004,0.3202716,0.01826276479154048
1539165817529,1539165819201,1672,0.0,0.0,0.01253550226089788
1539165819310,1539165819483,173,0.0,0.0,0.034302984982514786
1539165823029,1539165823137,108,-0.09760625,0.189465,0.027259092020345002
1539165823232,1539165823388,156,-0.06381333333333333,0.2663066666666667,0.010887933805748049
1539165823638,1539165823764,126,0.0570646,0.24256059999999996,0.02681084154546043
1539165823825,1539165823998,173,0.12252,0.26827283333333335,0.015068519003118208
1539165824215,1539165824434,219,0.16772357142857142,0.29115342857142856,0.012444085280559366
1539165824528,1539165824653,125,0.15780080000000002,0.3150248,0.022767182227273024
1539165824763,1539165824998,235,0.229938875,0.2974985,0.014419959435117959
1539165825169,1539165825670,501,0.25443812499999996,0.2869755625,0.013980390002026473
1539165825763,1539165826154,391,0.15529107692307692,0.30979323076923077,0.012799323093839075
1539165826216,1539165826325,109,0.14437125,0.34474825000000003,0.019359031702449032
1539165826497,1539165826685,188,0.13767228571428572,0.2879862857142857,0.023710037173173177
1539165826936,1539165827325,389,0.1339513076923077,0.37736892307692305,0.020413555302297066
1539165828263,1539165828419,156,-0.37464650000000005,0.28025283333333334,0.016024770046746874
1539165828623,1539165828809,186,-0.24355257142857142,0.35677400000000004,0.017004792926784362
1539165828887,1539165828997,110,-0.26201525,0.35121375,0.015277619123120059
1539165829216,1539165829325,109,-0.26577625,0.357579,0.018598256081216673
1539165830075,1539165830216,141,-0.1146808,0.4031014,0.013878731964332858
1539165830747,1539165830872,125,-0.1218468,0.208975,0.016424406268216635
1539165830951,1539165831115,164,-0.1260572,0.1850772,0.0284767534418247
1539165831388,1539165831887,499,-0.1273685625,0.1626753125,0.010818242886464227
1539165832106,1539165832840,734,-0.09217195652173914,0.11856443478260868,0.010822166156433525
1539165832904,1539165833014,110,-0.09355125,0.0628435,0.013115857120696952
1539165833092,1539165833450,358,-0.12175458333333333,0.061133333333333324,0.011489901905426543
1539165833513,1539165834045,532,-0.10541188235294117,0.047458470588235296,0.014026874609231755
1539165834169,1539165834278,109,-0.08084349999999998,0.09173999999999999,0.014838661522621935
1539165836606,1539165836842,236,-0.11629199999999999,0.067493,0.01476904497427024
1539165836966,1539165837075,109,-0.0849945,0.165013,0.015302408674468854
1539165837137,1539165837936,799,-0.07722531999999999,0.18170575999999997,0.011661364640383429
1539165838309,1539165838638,329,-0.0673,0.2500445454545454,0.01513652715355762
1539165838764,1539165839045,281,-0.09600677777777779,0.2818364444444444,0.015341389024479575
1539165839560,1539165839998,438,-0.06633085714285715,0.3795323571428572,0.013706266769573908
1539165840342,1539165840936,594,-0.03253942105263158,0.40541252631578945,0.01173443322015408
1539165841045,1539165841497,452,-0.04024246666666667,0.40640206666666673,0.01664280420874486
1539165841559,1539165841904,345,-0.037431818181818184,0.4059915454545454,0.01548371844695792
1539165842090,1539165842200,110,-0.015154749999999998,0.41468325000000006,0.01589458135294724
1539165842264,1539165842920,656,-0.005113428571428571,0.4243461904761905,0.012936314682194024
1539165843436,1539165843562,126,0.0054903999999999994,0.4532654,0.016546768242367983
1539165843623,1539165843795,172,-0.006697666666666667,0.444819,0.02070030293504838
1539165843872,1539165843998,126,-0.0113902,0.43738579999999994,0.018462019745110296
1539165844059,1539165844731,672,-0.019229952380952382,0.44877771428571434,0.013243833164239185
1539165845028,1539165845997,969,0.0081542,0.45510083333333334,0.012497081614171481
1539165846092,1539165846372,280,-0.012902888888888889,0.450654,0.012833176311006892
1539165846434,1539165846559,125,-0.0159112,0.4464218,0.01458824663562946
1539165846654,1539165846856,202,-0.024515571428571425,0.4423062857142856,0.013665546336365795
1539165846919,1539165847091,172,-0.0224785,0.444876,0.014925146854804191
1539165847263,1539165848153,890,-0.03504892857142857,0.4348945,0.01362950475587569
1539165848247,1539165848388,141,-0.039828800000000004,0.4307238,0.019349447011447696
1539165848466,1539165848780,314,0.004002181818181818,0.4398952727272727,0.012321913454901422
1539165849028,1539165849387,359,-0.008402000000000001,0.43603833333333336,0.01499565353627134
1539165849450,1539165849607,157,-0.026644333333333336,0.43714400000000003,0.01873976513821456
1539165849700,1539165849951,251,-0.03827555555555556,0.43504855555555555,0.013290581667512078
1539165850012,1539165850419,407,-0.04674576923076924,0.4298401538461539,0.009976062967882405
1539165850623,1539165850841,218,-0.046867375,0.430429125,0.01651007467008865
1539165851092,1539165851420,328,-0.053447,0.4287366363636363,0.012322001391857695
1539165851544,1539165851856,312,-0.007673299999999999,0.4335548,0.010391810584327057
1539165852138,1539165852357,219,-0.012867714285714284,0.43102485714285715,0.014583449589349538
1539165852420,1539165852873,453,-0.017461733333333333,0.4338392000000001,0.01293212421292612
1539165852951,1539165853576,625,-0.03755345,0.4406316,0.013483232404311618
1539165853685,1539165853809,124,-0.045428800000000005,0.4556800000000001,0.014421862566690142
1539165854107,1539165854248,141,-0.039124599999999995,0.47015080000000004,0.02104279630310365
1539165854388,1539165854716,328,-0.048255454545454546,0.5296246363636364,0.016265460608983654
1539165855076,1539165855248,172,-0.007567499999999999,0.4339661666666667,0.01865979604745183
1539165855904,1539165856201,297,-0.0368621,0.5222754,0.010870821377521092
1539165856263,1539165856482,219,-0.02546714285714286,0.524811857142857,0.016246705373860464
1539165856778,1539165856905,127,-0.0029782000000000003,0.5208948,0.01753907403451239
1539165857139,1539165857715,576,-0.04551488888888889,0.5380798333333333,0.013193169247516791
1539165857778,1539165857904,126,-0.032381599999999996,0.5293623999999999,0.01394921931317144
1539165857967,1539165858450,483,-0.017081333333333334,0.5318098,0.009251883895559908
1539165858514,1539165858763,249,-0.044453,0.5310172222222221,0.015000626279533576
1539165858919,1539165859045,126,-0.047146,0.5242744,0.016425170740709212
1539165859278,1539165859561,283,-0.0275806,0.5242158,0.012248070065207312
1539165859623,1539165859779,156,-0.0507038,0.5157686,0.010417202548568876
1539165859841,1539165860435,594,-0.0481661052631579,0.5263429999999999,0.014710723016059498
1539165860700,1539165860887,187,-0.055229142857142866,0.5357160000000001,0.015518794609443344
1539165860966,1539165861137,171,-0.050618833333333335,0.5390259999999999,0.018649238095733975
1539165861403,1539165861998,595,-0.057727105263157885,0.5438587368421052,0.01435452760906098
1539165862264,1539165862372,108,-0.013551249999999999,0.44868275,0.015738751034189643
1539165862496,1539165862888,392,-0.049007461538461534,0.5053682307692308,0.01776945592311162
1539165862951,1539165863106,155,-0.05858,0.5390113999999999,0.013158173429840514
1539165863170,1539165863389,219,-0.08010587499999999,0.5494006250000001,0.010379345905159872
1539165863764,1539165863873,109,-0.06478674999999999,0.45553925,0.01799628018137721
1539165864264,1539165864529,265,-0.06925533333333334,0.5415871111111111,0.01354207518711597
1539165865106,1539165865387,281,-0.0104698,0.44587950000000004,0.01849245878515591
1539165865450,1539165865638,188,-0.025384833333333332,0.45393083333333334,0.01461530396168572
1539165865857,1539165865997,140,-0.0275766,0.4467918,0.017826534388445902
1539165866217,1539165866434,217,-0.04062128571428573,0.5519947142857142,0.015680085015458155
1539165866497,1539165866685,188,-0.03515028571428571,0.546504,0.014057273418414515
1539165867091,1539165867294,203,-0.024546285714285715,0.44020842857142856,0.016159728033538014
1539165867356,1539165867546,190,-0.023462571428571426,0.4496728571428572,0.01451409837893652
1539165867637,1539165867858,221,-0.024753875,0.443365625,0.016207152990428485
1539165868123,1539165868248,125,-0.0268756,0.44743659999999996,0.019362480564921045
1539165868873,1539165869029,156,-0.07817933333333334,0.5275126666666666,0.01390209395438924
1539165869482,1539165869700,218,-0.032704285714285714,0.5101455714285714,0.014056760684045043
1539165870872,1539165871029,157,-0.052245200000000006,0.5507696,0.024039580603941128
1539165871279,1539165871450,171,-0.02990783333333333,0.4425761666666667,0.011636822530004693
1539165871560,1539165872107,547,-0.039065444444444444,0.46630699999999997,0.015477551374207801
1539165872873,1539165872997,124,-0.055654499999999996,0.5377824999999999,0.015949145226348032
1539165873310,1539165873544,234,-0.029596,0.45534462499999995,0.018820028204841376
1539165873779,1539165874170,391,-0.03480807692307692,0.49562599999999996,0.016765652625984173
1539165874685,1539165874840,155,-0.048059,0.528508,0.019147510618237624
1539165874982,1539165875123,141,-0.028733599999999998,0.5407097999999999,0.017907885866679487
1539165875247,1539165875514,267,-0.05473733333333333,0.5349377777777778,0.018916935900935877
1539165875873,1539165876044,171,-0.0457215,0.47223616666666673,0.013315980137203124
1539165876638,1539165877342,704,-0.030376409090909086,0.49694545454545447,0.013249379921235743
1539165877465,1539165877778,313,-0.0453009,0.5104787999999999,0.014440185422734533
1539165877934,1539165878170,236,-0.06255487500000001,0.53564875,0.01938319304248803
1539165878669,1539165878873,204,-0.03270442857142857,0.4900568571428572,0.017327582726461115
1539165879170,1539165879342,172,-0.03716716666666667,0.5220288333333333,0.02779390008863249
1539165879435,1539165879685,250,-0.035228999999999996,0.491415875,0.01736313594210393
1539165880701,1539165880826,125,-0.027539199999999996,0.5326288000000001,0.020498920631663996
1539165880906,1539165881012,106,-0.0369255,0.4886175,0.01420439820287939
1539165882107,1539165882467,360,-0.0330335,0.5362712499999999,0.012090667015353933
1539165882606,1539165882826,220,-0.023884625,0.50762825,0.016278709463340615
1539165883014,1539165883264,250,-0.008265222222222222,0.44338855555555556,0.015166167770360835
1539165883326,1539165883466,140,-0.0188332,0.44236139999999996,0.02139241233196932
1539165883638,1539165883966,328,-0.017254,0.5041704545454546,0.011958578114103375
1539165885076,1539165885263,187,0.004531571428571428,0.44970185714285715,0.022046254232709346
1539165886216,1539165886498,282,-0.03278422222222222,0.5401203333333334,0.014092663097543288
1539165886622,1539165886763,141,-0.0343856,0.47118840000000006,0.018062579534357436
1539165887092,1539165887201,109,-0.013218500000000001,0.516636,0.022758049450409143
1539165887325,1539165887483,158,-0.008572333333333333,0.5437741666666667,0.01558794342928419
1539165887919,1539165888498,579,-0.04828172222222222,0.4726711666666667,0.013929557687560863
1539165888561,1539165888825,264,-0.04201311111111111,0.4637805555555556,0.013802593662687556
1539165888888,1539165889326,438,-0.04600307142857143,0.4393656428571428,0.014629348968615287
1539165889387,1539165889982,595,-0.0006932631578947371,0.45779047368421055,0.013717167875436044
1539165890248,1539165890497,249,-0.00849725,0.45451549999999996,0.01683200457691928
1539165890622,1539165890841,219,-0.014859,0.454032625,0.012719715927201596
1539165890920,1539165891061,141,-0.0175684,0.452285,0.014852764822970497
1539165891123,1539165891482,359,-0.011090750000000002,0.45181425000000003,0.011697228564027592
1539165891545,1539165891654,109,-0.02022725,0.4521815,0.018435753354371903
1539165891732,1539165891919,187,-0.03326357142857143,0.45080585714285715,0.012980273352984757
1539165892623,1539165892748,125,0.0055844,0.46086900000000003,0.01871752041092873
1539165892809,1539165893216,407,-0.002275769230769231,0.45991869230769233,0.018232044475909887
1539165894044,1539165894295,251,0.0026173750000000008,0.4609675,0.013972864780090792
1539165895310,1539165895514,204,-0.009877714285714287,0.5100117142857143,0.01993531167056569
1539165896357,1539165896514,157,-0.0080355,0.48003250000000003,0.017334841745812037
1539165897014,1539165897186,172,-0.018469,0.489198,0.012944488651854791
1539165897684,1539165897840,156,-0.008793333333333332,0.5385163333333333,0.018860449107020713
1539165898841,1539165899217,376,-0.052788916666666665,0.5018456666666667,0.01483120103334404
1539165900512,1539165900638,126,-0.0033764000000000003,0.5225014,0.019141210718266743
1539165901138,1539165901309,171,-0.023053,0.5064958333333333,0.019897182618043775
1539165901669,1539165902185,516,-0.03306625,0.49014856250000005,0.0156643344376214
1539165902608,1539165902919,311,-0.028442000000000002,0.5198280909090909,0.01584035997763936
1539165903404,1539165903700,296,-0.0092089,0.5102329000000001,0.018677924036199438
1539165903904,1539165904060,156,-0.01846383333333333,0.5027481666666666,0.013432242400578465
1539165904732,1539165904859,127,-0.024776399999999997,0.5091365999999999,0.022967631257659445
1539165906405,1539165906700,295,-0.04803349999999999,0.4870947,0.016909012244530404
1539165906825,1539165906965,140,-0.029467200000000006,0.48500360000000003,0.017769089989158098
1539165907669,1539165907794,125,0.013702599999999999,0.4986528,0.01907663165792302
1539165908327,1539165908622,295,-0.0181816,0.4837681,0.01666611897483824
1539165908825,1539165908997,172,-0.029930333333333337,0.4745753333333333,0.018448101976783527
1539165909794,1539165909919,125,-0.0357976,0.5365202,0.01967151977388282
1539165911888,1539165912325,437,-0.016490714285714286,0.47186992857142857,0.016002207117470902
1539165913278,1539165913545,267,-0.04188066666666666,0.534846,0.022049927300037787
1539165914106,1539165914249,143,-0.017746400000000002,0.49494819999999995,0.01975062451642328
1539165915030,1539165915280,250,-0.020874333333333335,0.49727877777777785,0.02317357446107271
1539165915514,1539165915623,109,0.007973000000000001,0.52502125,0.016057667873495576
1539165916514,1539165916717,203,-0.064108,0.5435627142857141,0.015855774968471462
1539165916779,1539165917154,375,-0.08002633333333334,0.5319703333333334,0.01701702602592195
1539165917309,1539165917466,157,-0.07562966666666666,0.5183808333333333,0.020283708066654388
1539165917950,1539165918231,281,-0.0440774,0.5210644,0.01750142442377462
1539165918637,1539165919076,439,-0.03191000000000001,0.5032882142857142,0.014083753553151973
1539165919184,1539165919342,158,-0.024386666666666664,0.5002528333333333,0.014565828659043717
1539165919685,1539165920107,422,-0.04467035714285713,0.5064230714285715,0.014710638078357078
1539165920232,1539165920373,141,-0.062059600000000006,0.5107164,0.014804876048186772
1539165920793,1539165921200,407,-0.05677169230769231,0.5146026923076922,0.014661075240430171
1539165921669,1539165921840,171,-0.0211385,0.5109703333333334,0.016351552502759593
1539165921965,1539165922372,407,-0.03978930769230769,0.5123424615384615,0.017057829049729325
1539165923559,1539165923732,173,-0.18825666666666666,0.39534583333333334,0.019429847179609976
1539165923810,1539165923997,187,-0.22775728571428572,0.39811857142857143,0.020466563389749944
1539165924559,1539165924889,330,-0.034612090909090905,0.5314827272727273,0.015129805364221096
1539165924965,1539165925497,532,-0.021328352941176475,0.5321461764705883,0.0139943331977627
1539165925591,1539165925732,141,-0.014054,0.527091,0.013337252725865403
1539165925794,1539165925904,110,-0.01411125,0.51106575,0.014000747009049566
1539165926215,1539165926372,157,-0.008390199999999999,0.5328606,0.020118158387623958
1539165926529,1539165926733,204,-0.003041571428571428,0.5187042857142857,0.014368450915869866
1539165928153,1539165928466,313,-0.027326899999999998,0.5295179999999999,0.013902520924711503
1539165928685,1539165929451,766,-0.03965454166666666,0.5316730833333333,0.014302931168684143
1539165929623,1539165930530,907,-0.04565989285714285,0.5351116071428571,0.013126494553938039
1539165930809,1539165931185,376,-0.03357541666666667,0.5417545833333334,0.012863056604734488
1539165931294,1539165931450,156,-0.03246916666666667,0.5398701666666667,0.014386624596294131
1539165931623,1539165931919,296,-0.036023599999999996,0.5369596999999999,0.014285006573922265
1539165932419,1539165932685,266,-0.046162666666666664,0.5294683333333333,0.015828645812709027
1539165932748,1539165932887,139,-0.0366982,0.5350446,0.020256205392845495
1539165933123,1539165933278,155,-0.05111283333333333,0.5367203333333334,0.01882585656083885
1539165933419,1539165933545,126,-0.05362979999999999,0.5321089999999999,0.017164772862152962
1539165933794,1539165933919,125,-0.056497,0.5337875999999999,0.01934381746096268
1539165934013,1539165934842,829,-0.05860965384615384,0.5339113461538462,0.014124566423670675
1539165934904,1539165935122,218,-0.033029142857142854,0.5414602857142857,0.015150132156436383
1539165935372,1539165935544,172,-0.041216333333333334,0.5361705,0.016460503441870514
1539165935606,1539165935748,142,-0.028012799999999997,0.5396974,0.018671580350045076
1539165935809,1539165936013,204,-0.03174628571428571,0.5418375714285714,0.016623361826297887
1539165936138,1539165936356,218,-0.045532142857142854,0.5400957142857143,0.021580717582481306
1539165936544,1539165936685,141,-0.0319372,0.5381891999999999,0.018511631650171282
1539165936873,1539165937014,141,-0.042276999999999995,0.5340226,0.017868129819247885
1539165937466,1539165937576,110,-0.14725950000000002,0.39830174999999995,0.01948019217220322
1539165937920,1539165938234,314,-0.06186554545454546,0.41789181818181814,0.011831545229639457
1539165938295,1539165938512,217,-0.07006371428571428,0.42879742857142855,0.02479709135108329
1539165938606,1539165938748,142,-0.14782960000000003,0.41500159999999997,0.012610753963593981
1539165939372,1539165939497,125,-0.0331884,0.5345996,0.010661424415390905
1539165939575,1539165939747,172,-0.032772333333333334,0.5370295,0.01755895419441646
1539165939810,1539165940606,796,-0.027384000000000006,0.53528232,0.013967793522444283
1539165940670,1539165941076,406,-0.02229776923076923,0.5371252307692308,0.015939419964572727
1539165941435,1539165942077,642,-0.031193200000000004,0.5364109,0.016124179307636065
1539165942138,1539165942373,235,-0.038011500000000004,0.537359125,0.0173601793575468
1539165942575,1539165942700,125,-0.0256202,0.536135,0.018985992954019128
1539165942763,1539165942935,172,-0.03154133333333334,0.5348716666666666,0.016511096063070534
1539165943045,1539165943169,124,-0.0273782,0.534176,0.012301945850602514
1539165943232,1539165943372,140,-0.042185600000000004,0.5340258,0.018706740242228216
1539165943560,1539165943700,140,-0.05160819999999999,0.5319385999999999,0.01451793107951819
1539165943810,1539165943936,126,-0.0433498,0.5323184,0.022763547093106944
1539165944028,1539165944373,345,-0.047326272727272724,0.5269195454545454,0.011399455176717766
1539165944434,1539165944825,391,-0.033603615384615385,0.5362287692307693,0.016944871203355416
1539165945169,1539165945731,562,-0.05407583333333334,0.528244111111111,0.01221847066239663
1539165945903,1539165946029,126,-0.040968399999999995,0.5357884,0.017349082693933933
1539165946185,1539165946404,219,-0.04569857142857143,0.5387087142857143,0.013941317951712781
1539165946465,1539165946592,127,-0.028055599999999997,0.5390288,0.019542790934617107
1539165946997,1539165947826,829,-0.03767111538461538,0.5294861923076922,0.01435972614075149
1539165947997,1539165948154,157,-0.04712033333333333,0.532008,0.020580312656018614
1539165948216,1539165949170,954,-0.049539206896551724,0.5272084137931035,0.013494772810829564
1539165949294,1539165950122,828,-0.030653346153846153,0.5343938461538462,0.011289249447655896
1539165950403,1539165950716,313,-0.04339181818181819,0.5191137272727274,0.01896705600727103
1539165950779,1539165950950,171,-0.04633016666666667,0.5246974999999999,0.009962637507992061
1539165951092,1539165951233,141,-0.0305778,0.5290906,0.013237524526036965
1539165951294,1539165951419,125,-0.0266922,0.5268054000000001,0.019956444732459604
1539165951482,1539165951607,125,-0.03194,0.5233356,0.015957548116662973
1539165951700,1539165952060,360,-0.03406525,0.5248069999999999,0.014904051909151034
1539165952122,1539165952356,234,-0.039271125,0.52615225,0.015674859300166006
1539165952622,1539165952779,157,-0.027726666666666667,0.5236286666666667,0.019761304870528393
1539165952842,1539165952967,125,-0.03124625,0.5226697499999999,0.013070627647389105
1539165953059,1539165953357,298,-0.034607700000000005,0.5217701,0.010025627638117485
1539165953420,1539165953825,405,-0.0371853076923077,0.5213158461538462,0.01625976339143168
1539165953888,1539165954841,953,-0.03206953333333333,0.5204666,0.014153404514667756
1539165954903,1539165955091,188,-0.042884000000000005,0.5187658333333333,0.016542249464605405
1539165955248,1539165955418,170,-0.04879133333333333,0.5188728333333333,0.013892463674004873
1539165955654,1539165955826,172,-0.049078000000000004,0.5183209999999999,0.011395644133017843
1539165955919,1539165956139,220,-0.035440374999999996,0.5176477500000001,0.015520230958152664
1539165956216,1539165956326,110,-0.03477175,0.5164635,0.021130679062793575
1539165956685,1539165956840,155,-0.042243333333333334,0.5134455,0.013035721920687623
1539165956982,1539165957278,296,-0.0374293,0.5207042999999999,0.01242267242868579
1539165957372,1539165957778,406,-0.02835230769230769,0.5230766153846153,0.016681458482933446
1539165957888,1539165958451,563,-0.03544727777777777,0.5164846666666667,0.01380172315385506
1539165958779,1539165958967,188,-0.045420999999999996,0.5157967142857143,0.01212229945773575
1539165959076,1539165959184,108,-0.048292499999999995,0.517821,0.01162343652919107
1539165959342,1539165959544,202,-0.037224571428571426,0.5200525714285714,0.01620296115360805
1539165959639,1539165959747,108,-0.03817225,0.52250425,0.014797498721130134
1539165959842,1539165960076,234,-0.032154249999999995,0.517396875,0.012393091527173354
1539165960139,1539165960310,171,-0.03144400000000001,0.5195991666666667,0.016606003558770194
1539165960576,1539165960810,234,-0.037337749999999996,0.5150885000000001,0.017078005711129933
1539165961075,1539165961403,328,-0.041428545454545454,0.5123461818181819,0.015936244355729507
1539165962028,1539165962512,484,-0.13870266666666667,0.3805873333333334,0.013240922147713875
1539165962732,1539165962937,205,-0.029460142857142855,0.5116212857142858,0.010793949660323463
1539165963263,1539165963748,485,-0.02559213333333333,0.5072127333333334,0.010499257119521653
1539165964092,1539165964701,609,-0.022413894736842105,0.5183172105263159,0.011514459162039588
1539165965168,1539165965295,127,-0.022159400000000003,0.4313082,0.012506783682787754
1539165965357,1539165965466,109,-0.038895,0.44081175,0.014510554883568935
1539165965528,1539165965762,234,-0.032302,0.459662375,0.01722098116606001
1539165965873,1539165966060,187,-0.03033542857142857,0.5021508571428571,0.01182990539714393
1539165966123,1539165966592,469,-0.04292733333333333,0.5170911333333332,0.013832485326492488
1539165966669,1539165966890,221,-0.054723499999999994,0.5255945,0.016919970706072592
1539165967528,1539165968028,500,-0.029318812500000003,0.512888625,0.013792245612371011
1539165968091,1539165968621,530,-0.02715152941176471,0.5175109999999999,0.013655344135403829
1539165968763,1539165969669,906,-0.02839775,0.517177,0.011094369830575638
1539165969795,1539165970170,375,-0.015423916666666667,0.50669675,0.016984249150100588
1539165970264,1539165970654,390,-0.008424461538461537,0.5019800769230769,0.015030477130958193
1539165970715,1539165970856,141,-0.008596999999999999,0.4984446,0.012020847500142462
1539165971153,1539165971450,297,-0.0045211999999999995,0.5022107,0.01249037210802847
1539165971794,1539165972388,594,-0.025276947368421055,0.5101560526315789,0.013874127782636298
1539165972465,1539165972653,188,-0.01890414285714286,0.5088684285714286,0.01823004275867051
1539165972748,1539165972966,218,-0.026512,0.5090901428571428,0.01726642153727519
1539165973061,1539165973794,733,-0.022440521739130432,0.5073712608695652,0.01457395424562771
1539165974123,1539165974358,235,-0.0315835,0.5080484999999999,0.00977702254688756
1539165974419,1539165974685,266,-0.026730999999999998,0.5052232222222223,0.01575977497063957
1539165974778,1539165975278,500,-0.040492125000000004,0.5030750625,0.013589995627598873
1539165975514,1539165975622,108,-0.03647,0.5028637499999999,0.024177233870977814
1539165975748,1539165976044,296,-0.019775699999999997,0.500925,0.013993784778577809
1539165976216,1539165976419,203,-0.02005457142857143,0.5016278571428571,0.018702290995331126
1539165976481,1539165976684,203,-0.021717142857142855,0.49949442857142856,0.017035310135982216
1539165976778,1539165977372,594,-0.022357105263157897,0.5015068421052632,0.015558765325496037
1539165977451,1539165978282,831,-0.031201653846153844,0.5004579615384614,0.01219281292255767
1539165978716,1539165979185,469,-0.04402093333333333,0.49376453333333337,0.016645842888693283
1539165979278,1539165979576,298,-0.0454905,0.4954111,0.013358790933618237
1539165979746,1539165981467,1721,-0.027239867924528302,0.4936089433962264,0.015706853301743772
1539165981747,1539165983340,1593,-0.25270544897959185,0.37203989795918363,0.010737646527340099
1539165983435,1539165983779,344,-0.2559957272727273,0.36411090909090915,0.020557422752290787
1539165983903,1539165984028,125,-0.039129000000000004,0.4724316,0.018852332319374922
1539165984138,1539165984544,406,-0.016984692307692305,0.48562038461538454,0.014631894174487266
1539165984700,1539165985481,781,-0.027858166666666666,0.49009762500000004,0.010859032390226493
1539165985607,1539165985967,360,-0.028116000000000002,0.4871525833333333,0.013314639065873275
1539165986403,1539165986998,595,-0.23553847368421052,0.41506721052631573,0.01770437747592987
1539165987264,1539165987668,404,-0.03649176923076923,0.4900717692307692,0.017778523974781933
1539165987732,1539165987872,140,-0.032258999999999996,0.4925326,0.01653472483619997
1539165988498,1539165988891,393,-0.029673769230769233,0.49799253846153846,0.01782176087848165
1539165988982,1539165989325,343,-0.02886863636363636,0.49958736363636363,0.012218280369604428
1539165989389,1539165989528,139,-0.0327866,0.5020705999999999,0.024109594784386408
1539165989856,1539165989997,141,-0.0264044,0.4937038,0.01138218123752622
1539165990060,1539165990466,406,-0.015470538461538461,0.49705676923076925,0.012650039599455508
1539165990528,1539165990997,469,-0.02500286666666667,0.5029626666666666,0.015898052556920995
1539165991059,1539165991200,141,-0.0157892,0.5044540000000001,0.024526974014403364
1539165991420,1539165991544,124,-0.031770599999999996,0.50108,0.017831172408063194
1539165991639,1539165991763,124,-0.0400572,0.5034297999999999,0.014002915178042858
1539165991918,1539165992466,548,-0.026214470588235294,0.4989429411764706,0.012379881980592915
1539165992592,1539165993654,1062,-0.028197333333333335,0.5001445757575756,0.011812091822264004
1539165993826,1539165994014,188,-0.03521028571428571,0.4957124285714286,0.011763104593591358
1539165994091,1539165994387,296,-0.048931800000000004,0.49386089999999994,0.012780709087057718
1539165994560,1539165994684,124,-0.0456714,0.4930058,0.017520103841604108
1539165994842,1539165995092,250,-0.049237249999999996,0.49124975000000004,0.014534819311657815
1539165995155,1539165995420,265,-0.04756433333333333,0.4881525555555556,0.012009221167869158
1539165995794,1539165996184,390,-0.021148076923076926,0.49328792307692304,0.013854109514908895
1539165996247,1539165996653,406,-0.025459461538461535,0.49234346153846165,0.01319118217888256
1539165996717,1539165997623,906,-0.03240174999999999,0.489902,0.01065846648052193
1539165997889,1539165998012,123,-0.040228,0.48420880000000005,0.01904661369005529
1539165998076,1539165998200,124,-0.037655400000000006,0.4850894,0.014516651602100264
1539165998357,1539165998872,515,-0.05704288235294117,0.4814498823529412,0.015108931672405002
1539165998936,1539165999560,624,-0.03058226315789474,0.489779894736842,0.010256396270390567
1539165999840,1539166000043,203,-0.034677571428571426,0.4892211428571428,0.01139107233087673
1539166000106,1539166000387,281,-0.03650011111111111,0.48691311111111113,0.014456509714983523
1539166000575,1539166001013,438,-0.03915742857142857,0.48532985714285715,0.011605066146131241
1539166001075,1539166001216,141,-0.024735800000000002,0.4857412,0.018726144464318993
1539166001280,1539166001608,328,-0.038810000000000004,0.4831675454545455,0.015735530439734524
1539166001716,1539166002403,687,-0.04591531818181818,0.48348054545454544,0.014983522654296332
1539166002638,1539166002981,343,-0.042577,0.48322372727272717,0.013300687344505856
1539166003044,1539166003278,234,-0.046357,0.480734,0.01539428878116724
1539166003529,1539166004202,673,-0.04314347619047619,0.4783521904761904,0.01433765646247297
1539166004262,1539166004607,345,-0.052045545454545455,0.47617572727272717,0.0136649476361438
1539166004669,1539166006169,1500,-0.03456939130434783,0.4841140869565217,0.012355872562044087
1539166006280,1539166006404,124,-0.043086599999999996,0.48155420000000004,0.017216306862948626
1539166006466,1539166006856,390,-0.05767153846153847,0.4806126153846154,0.015381821855633197
1539166006967,1539166007138,171,-0.0443095,0.47911300000000007,0.01919507387751193
1539166007200,1539166007498,298,-0.0322194,0.4834982,0.012704810638754453
1539166007560,1539166007732,172,-0.030428999999999998,0.4826106666666667,0.010812148009152386
1539166007794,1539166007903,109,-0.04621425,0.48279399999999995,0.014846451196431389
1539166007967,1539166008497,530,-0.03975629411764706,0.4836805882352942,0.013921723426868045
1539166008559,1539166008685,126,-0.0443885,0.48401150000000004,0.013497469484773147
1539166008778,1539166009201,423,-0.04361778571428572,0.48330407142857146,0.013892478555954126
1539166009264,1539166010794,1530,-0.0355588085106383,0.48132595744680845,0.012887648143151373
1539166010889,1539166010997,108,-0.03624925,0.4843065,0.02003383579275939
1539166011060,1539166011262,202,-0.04088685714285715,0.4848392857142857,0.015020097315637705
1539166011450,1539166011857,407,-0.033235692307692306,0.48840807692307703,0.015228745672514643
1539166012060,1539166012434,374,-0.03363525,0.4844386666666667,0.010736093911722833
1539166012529,1539166012684,155,-0.0415225,0.48323983333333337,0.016026259182556696
1539166012779,1539166012996,217,-0.03677771428571429,0.4810142857142857,0.013889426878669136
1539166013060,1539166013419,359,-0.036180500000000004,0.48743416666666667,0.013893785078411441
1539166013545,1539166013825,280,-0.03361988888888889,0.48782788888888884,0.011576995905124197
1539166014092,1539166014326,234,-0.037538749999999996,0.48943749999999997,0.015555518305552143
1539166014387,1539166014497,110,-0.04257375,0.491417,0.019298887410500155
1539166014622,1539166014950,328,-0.03607390909090909,0.4892494545454545,0.011776842218500646
1539166015028,1539166015716,688,-0.04062286363636363,0.4896842272727273,0.01338979344141808
1539166015794,1539166015982,188,-0.03351914285714285,0.496469,0.015168720167497735
1539166016044,1539166016623,579,-0.033203055555555555,0.49513216666666665,0.012196372381842898
1539166016779,1539166017028,249,-0.035410625,0.49626750000000003,0.011176766172311614
1539166017216,1539166017481,265,-0.037031999999999995,0.49218511111111113,0.012156183231001955
1539166017654,1539166017889,235,-0.043759375,0.48882000000000003,0.011892537002385321
1539166018076,1539166018451,375,-0.03233358333333334,0.48394200000000004,0.013946691694256058
1539166018514,1539166018655,141,-0.045949,0.482773,0.016963040510832354
1539166018873,1539166019091,218,-0.048238,0.4810027142857143,0.011729024640041354
1539166019185,1539166019544,359,-0.037724249999999994,0.4832464166666666,0.013281753068171592
1539166019810,1539166019951,141,-0.0330168,0.4887188,0.01826441153271411
1539166020013,1539166020169,156,-0.035395,0.48828833333333327,0.020547655265993548
1539166020265,1539166020747,482,-0.031734399999999996,0.4875184666666667,0.015063244233629784
1539166021248,1539166021934,686,-0.03262054545454545,0.48187904545454535,0.012549640905219822
1539166022372,1539166023404,1032,-0.042136593750000007,0.482977375,0.01209277556639332
1539166023466,1539166023575,109,-0.0270705,0.49154025,0.012138845138362492
1539166023654,1539166023809,155,-0.03667533333333334,0.4894081666666667,0.017428961958369907
1539166023873,1539166024029,156,-0.03445433333333334,0.48485833333333334,0.01370151664295513
1539166024232,1539166024903,671,-0.029284095238095244,0.48348838095238106,0.011801360132049313
1539166025013,1539166025169,156,-0.03368466666666667,0.48619033333333345,0.012568355019329376
1539166025341,1539166025465,124,-0.0351852,0.49107500000000004,0.019395135121066404
1539166025560,1539166025670,110,-0.027502,0.48998325,0.020005022562503312
1539166025778,1539166026435,657,-0.03607285714285714,0.48612604761904776,0.01684305813382117
1539166026529,1539166026637,108,-0.040178000000000005,0.48008025,0.01643597428160465
1539166026700,1539166027013,313,-0.0394557,0.4825311,0.018848536343035616
1539166027139,1539166027326,187,-0.035859714285714286,0.4865195714285714,0.01568952172767943
1539166027404,1539166028061,657,-0.034503095238095235,0.48487104761904765,0.012459396205940438
1539166028154,1539166028701,547,-0.04023935294117647,0.4863425882352941,0.013864175374204842
1539166028762,1539166028920,158,-0.0477725,0.47979750000000004,0.014953901294939584
1539166028997,1539166029389,392,-0.0432003076923077,0.4810506923076923,0.010294245754637141
1539166029466,1539166029623,157,-0.04245216666666667,0.4802643333333334,0.013157164700723182
1539166029700,1539166029826,126,-0.0292242,0.49302419999999997,0.015230079522585893
1539166029998,1539166030123,125,-0.0265818,0.4912438,0.01741195383181196
1539166030185,1539166030560,375,-0.031147166666666667,0.4904790833333333,0.016146974226869167
1539166030653,1539166031138,485,-0.035765066666666664,0.4880602,0.009839424133924654
1539166031357,1539166031560,203,-0.042572571428571425,0.48681585714285713,0.01181231578465296
1539166031668,1539166032091,423,-0.04695114285714286,0.48522935714285725,0.00960986277875626
1539166032216,1539166032919,703,-0.036488681818181816,0.4867101818181819,0.01324298619176596
1539166033295,1539166033887,592,-0.03149857894736842,0.4873676315789474,0.012625503614655371
1539166033982,1539166034091,109,-0.03859525,0.4872515,0.02244629690979388
1539166034747,1539166035059,312,-0.031728599999999996,0.49044920000000003,0.014107966878040576
1539166035578,1539166035825,247,-0.159179625,0.38929125,0.022299905336453256
1539166035919,1539166036044,125,-0.0648826,0.42868300000000004,0.024364549888262234
1539166036482,1539166036872,390,-0.02639884615384615,0.5030942307692308,0.015619781453739951
1539166036936,1539166037310,374,-0.0419035,0.49407358333333334,0.016223674467165234
1539166037387,1539166037622,235,-0.040180125,0.49752074999999996,0.018000428576511556
1539166037685,1539166037856,171,-0.0425545,0.49609466666666674,0.018092227046443206
1539166037950,1539166038076,126,-0.0392506,0.49661720000000004,0.01417268425296935
1539166038279,1539166038389,110,-0.040271,0.49643899999999996,0.013889915355646633
1539166038450,1539166038716,266,-0.038702,0.49642699999999995,0.011331068639701701
1539166039013,1539166039310,297,-0.0317932,0.4987579999999999,0.013334168927443846
1539166039513,1539166039950,437,-0.043733857142857144,0.4975098571428571,0.012022012870983869
1539166040045,1539166040232,187,-0.047705428571428565,0.494933,0.016937204448628174
1539166040326,1539166040482,156,-0.048189,0.49350350000000004,0.01581269114444421
1539166040544,1539166041653,1109,-0.046889,0.49351147058823536,0.009794473331858497
1539166042138,1539166042810,672,-0.035072571428571425,0.4975311904761904,0.012880449272845923
1539166042872,1539166043685,813,-0.027612200000000003,0.5005518400000001,0.013519756115242414
1539166043871,1539166044076,205,-0.03409242857142857,0.499334,0.014851581644823583
1539166044139,1539166044576,437,-0.03525821428571428,0.49636085714285716,0.01248055380395185
1539166044795,1539166044904,109,-0.0328275,0.49384125,0.018853455758381363
1539166045342,1539166045498,156,-0.17892850000000002,0.3125695,0.01852333251190554
1539166045560,1539166045717,157,-0.1633664,0.3438256,0.025862415445515187
1539166045809,1539166045935,126,-0.14394659999999998,0.2248874,0.012065925734886181
1539166045998,1539166046264,266,-0.13610577777777777,0.20734211111111114,0.02303890428589181
1539166046403,1539166046606,203,-0.046460857142857144,0.41868428571428573,0.016388316833195447
1539166046919,1539166047106,187,-0.0027516666666666666,0.4405376666666667,0.01754700578100676
1539166047466,1539166047669,203,-0.025494428571428567,0.4614912857142857,0.01729259354222403
1539166047966,1539166048466,500,-0.0170136875,0.441878875,0.013150850751453957
1539166048528,1539166048700,172,-0.010763166666666666,0.4506038333333333,0.014471985143726608
1539166048921,1539166049076,155,-0.0037014000000000005,0.39789280000000005,0.02265902344711085
1539166049668,1539166049795,127,-0.029707000000000004,0.4678892,0.014929385748057836
1539166050122,1539166050248,126,0.0012852000000000002,0.49553480000000005,0.016979610878712696
1539166050623,1539166050922,299,-0.0601923,0.47176899999999994,0.014182078238489104
1539166051029,1539166051295,266,-0.026187555555555558,0.4795451111111111,0.015688124169125447
1539166051356,1539166051482,126,-0.05687359999999999,0.47782800000000003,0.015390775361747119
1539166051669,1539166052123,454,-0.05162546666666666,0.4754306666666667,0.017960064018114667
1539166052279,1539166052794,515,-0.0252175625,0.478387875,0.013750894626496852
1539166052997,1539166053122,125,-0.06767619999999999,0.46651619999999994,0.01618283091422823
1539166053200,1539166053482,282,-0.05449280000000001,0.46687179999999995,0.012806482281539838
1539166053575,1539166053701,126,-0.079227,0.41775175000000003,0.013536383493738733
1539166053763,1539166054293,530,-0.08557970588235295,0.3772199411764706,0.014917039770418528
1539166054357,1539166054497,140,-0.0493846,0.4429008,0.01876414031080262
1539166054559,1539166055059,500,-0.0539824375,0.4558708125,0.014523700649230193
1539166055326,1539166055794,468,-0.026273600000000005,0.4741843333333333,0.010583431071165966
1539166055889,1539166056154,265,-0.010890444444444446,0.4686135555555556,0.012676055205820137
1539166056481,1539166056747,266,0.07427766666666667,0.39814044444444446,0.01583809608292993
1539166056871,1539166057092,221,-0.12169028571428572,0.35786714285714283,0.029448033154712124
1539166057186,1539166057358,172,-0.21171099999999998,0.3602823333333333,0.03196214327661829
1539166057450,1539166057606,156,-0.12461966666666667,0.36474483333333335,0.014092960240493812
1539166057684,1539166057795,111,-0.13112849999999998,0.35643375,0.010296429527520875
1539166057856,1539166058622,766,-0.11823262500000002,0.35409075000000007,0.011268161335679016
1539166058717,1539166058872,155,-0.16219116666666666,0.3257426666666667,0.025858008738986384
1539166058950,1539166059122,172,-0.21071233333333336,0.35887316666666663,0.022642272566855175
1539166059186,1539166059342,156,-0.24728166666666665,0.35006849999999995,0.014427432060724804
1539166059404,1539166059778,374,-0.23511975,0.37781775,0.012999952027752462
1539166059920,1539166060044,124,-0.0877756,0.40497759999999994,0.01696487794761234
1539166060280,1539166061043,763,-0.05634333333333333,0.44234229166666666,0.014645701601322827
1539166061123,1539166061591,468,-0.013015400000000002,0.4574457333333334,0.010972156668750654
1539166062169,1539166062295,126,-0.1269346,0.3210948,0.01670261880813253
1539166062419,1539166062545,126,-0.1020402,0.24082979999999998,0.021623429800169135
1539166062731,1539166062841,110,0.09545474999999999,0.31069125,0.02924313791947995
1539166063077,1539166063215,138,0.0878018,0.3497348,0.025874582626465303
1539166063622,1539166063748,126,0.1486672,0.3230198,0.03420348790612433
1539166064107,1539166064263,156,0.23123283333333333,0.30864283333333337,0.009698846167455873
1539166064372,1539166064482,110,0.19076074999999998,0.30616925,0.016968659584279632
1539166064731,1539166064841,110,0.057893,0.37822125,0.019097059167795218
1539166065372,1539166065778,406,0.01668330769230769,0.4617955384615385,0.013827768285532872
1539166065936,1539166066264,328,0.0040001818181818185,0.4523319090909092,0.011511848197703517
1539166066342,1539166066512,170,0.03063183333333333,0.4489783333333334,0.015768494217633457
1539166066576,1539166067232,656,0.027207809523809523,0.4413811428571429,0.016320019633376943
1539166067372,1539166067732,360,0.023040333333333333,0.44008416666666667,0.012509741276626107
1539166067810,1539166067967,157,0.026969500000000004,0.43611400000000006,0.014019821391600658
1539166068028,1539166068341,313,0.0216091,0.4394987,0.012656071118629281
1539166068560,1539166068954,394,0.03140576923076922,0.43889269230769223,0.012040946592147645
1539166069044,1539166069794,750,0.024813708333333333,0.441132125,0.010696507121068856
1539166069872,1539166070123,251,0.02452988888888889,0.4412031111111111,0.018387543868598696
1539166070200,1539166070700,500,0.0261915625,0.44203112499999997,0.01265926631752722
1539166070763,1539166071326,563,0.029307277777777776,0.44136894444444447,0.013456948864833852
1539166071388,1539166071561,173,0.029608000000000006,0.437389,0.017265322925054054
1539166071888,1539166072294,406,-0.09931838461538461,0.33384269230769237,0.0142358213664751
1539166072372,1539166072559,187,-0.06659614285714285,0.322081,0.021243853584113053
1539166072623,1539166072763,140,-0.0919522,0.3458266,0.018573791613588707
1539166073325,1539166073544,219,-0.09068975,0.36705699999999997,0.010083084333556896
1539166074498,1539166074748,250,0.021915777777777774,0.4330792222222222,0.01616786121589915
1539166075216,1539166075481,265,0.027451111111111114,0.43751222222222225,0.018380133978886992
1539166075668,1539166075825,157,0.10454266666666666,0.3715466666666667,0.022274619767589876
1539166076184,1539166076388,204,0.10635471428571429,0.3758897142857143,0.016784644200087743
1539166076561,1539166076684,123,0.10396419999999999,0.37385579999999996,0.021215438751354388
1539166076872,1539166077091,219,0.11607385714285715,0.3743257142857143,0.014982372466072954
1539166077185,1539166077311,126,0.09217299999999999,0.37824160000000007,0.01847631664571193
1539166077420,1539166077716,296,0.0948504,0.3760312,0.013367630034378408
1539166077825,1539166077951,126,0.0222544,0.4055842,0.022505063798837963
1539166078044,1539166078278,234,0.009616625,0.44044962499999996,0.012719664475846769
1539166078514,1539166078623,109,0.01213,0.45378775000000005,0.017753486027672506
1539166078905,1539166079092,187,0.014849333333333332,0.46027233333333334,0.016305012532149776
1539166079184,1539166079372,188,0.025276142857142858,0.4569292857142857,0.011799334038002441
1539166079482,1539166079685,203,0.02508742857142857,0.4531887142857142,0.015272608486409314
1539166079856,1539166080012,156,0.022928333333333332,0.4467041666666667,0.014726020640846058
1539166080387,1539166080716,329,-0.08666345454545456,0.3404402727272728,0.015194369411552992
1539166082451,1539166082608,157,-0.10427666666666667,0.32847699999999996,0.019577274736050556
1539166082779,1539166083044,265,-0.06766344444444444,0.3288675555555555,0.01768888486282346
1539166083107,1539166083279,172,-0.089507,0.3326483333333333,0.027176292590543733
1539166083341,1539166083466,125,-0.0598944,0.3435398,0.040142257100887986
1539166083841,1539166084075,234,0.13574787500000002,0.338668625,0.017275080901785665
1539166084280,1539166084482,202,0.01743957142857143,0.3640177142857143,0.016516254812606226
1539166084545,1539166084764,219,0.05765125,0.364740375,0.010180818714230834
1539166084981,1539166085247,266,0.03690366666666666,0.35828088888888887,0.014847353965716563
1539166085342,1539166085497,155,-0.043035333333333335,0.34110899999999994,0.01349490366694661
1539166085748,1539166085966,218,-0.05097875,0.333992875,0.015245515984997654
1539166086075,1539166086309,234,-0.050498125000000005,0.331898125,0.01732573075916958
1539166086404,1539166086670,266,-0.07448288888888889,0.3414377777777778,0.012597791656486045
1539166088668,1539166088856,188,-0.020668857142857145,0.3610825714285714,0.014932336027976223
1539166088967,1539166089232,265,-0.02488688888888889,0.36286399999999996,0.022119131790170214
1539166090154,1539166090435,281,0.10945677777777778,0.3597593333333334,0.012591014957520923
1539166090793,1539166090922,129,0.10187879999999998,0.3605714,0.01635394967507709
1539166091450,1539166091607,157,0.08289260000000001,0.3676954,0.015171394446524022
1539166091701,1539166091826,125,0.08410720000000001,0.36261740000000003,0.012239694012885535
1539166091966,1539166092090,124,0.08386819999999999,0.3625796,0.02030818039591567
1539166092155,1539166092857,702,0.09618922727272729,0.3572336363636364,0.01329743352832991
1539166092922,1539166093123,201,0.07890714285714286,0.3536347142857143,0.010152396515711025
1539166093201,1539166093388,187,0.06341857142857142,0.3447489999999999,0.021016298228300756
1539166093481,1539166093998,517,-0.0823414375,0.3251736875,0.013639711292495776
1539166094326,1539166094779,453,-0.12568766666666667,0.17767819999999998,0.009614489127724887
1539166094856,1539166096325,1469,-0.09512315555555555,0.1807064888888889,0.011485597019679402
1539166096389,1539166096623,234,-0.1200895,0.179008625,0.013295291083249314
1539166096684,1539166097029,345,-0.10447663636363637,0.1781429090909091,0.014294337920957752
1539166097731,1539166097888,157,-0.08990266666666667,0.18393533333333334,0.014998137934159802
1539166097952,1539166098904,952,-0.09063306666666666,0.1816947,0.009595255158953965
1539166099029,1539166102075,3046,-0.021522204301075272,0.17592173118279567,0.010967647905545445
1539166102169,1539166103748,1579,-0.09704566666666666,0.17603470833333335,0.010003766109177416
1539166103810,1539166104482,672,-0.09781195238095239,0.17332876190476187,0.020660499123675697
1539166104700,1539166104919,219,-0.028123,0.15635457142857143,0.013947030238978409
1539166104981,1539166106732,1751,-0.019537740740740744,0.1459475,0.010803556451789634
1539166110091,1539166110204,113,-0.00965775,0.12256775,0.015368316101155185
1539166110263,1539166110497,234,-0.0075952500000000004,0.118845,0.008308017377104234
1539166110560,1539166110794,234,-0.0035234999999999997,0.11391175,0.013039363496481694
1539166110997,1539166111326,329,-0.009337090909090908,0.11553872727272725,0.013700704544315436
1539166111388,1539166112466,1078,-0.006997090909090909,0.1135188484848485,0.009892340366636769
1539166112561,1539166112732,171,-0.008942333333333333,0.11378566666666666,0.014812994963550166
1539166112967,1539166113138,171,-0.0074164999999999995,0.10866100000000001,0.015990471612126352
1539166113763,1539166113887,124,-0.0061660000000000005,0.10554079999999999,0.013031594493210358
1539166114294,1539166114497,203,0.0006538571428571427,0.09829457142857143,0.01097733654882326
1539166114559,1539166114794,235,-0.001956875,0.098516625,0.0152803810862985
1539166115623,1539166115732,109,0.00654,0.091209,0.01716306671817709
1539166120358,1539166120575,217,0.012929625,0.079034375,0.01503672775598967
1539166121577,1539166121685,108,0.01231325,0.079371,0.0189300841466482
1539166121889,1539166122170,281,0.0145261,0.0716104,0.016573949787528557
1539166122293,1539166122451,158,0.014981500000000002,0.07143333333333333,0.01608029060796449
1539166122545,1539166122841,296,0.015595300000000001,0.0691488,0.01490759080938825
1539166123075,1539166123311,236,0.01828225,0.066647875,0.016640629099824496
1539166123404,1539166123623,219,0.019005285714285718,0.06951628571428571,0.015037992397167336
1539166123684,1539166123981,297,0.0209153,0.0671243,0.011561383581262092
1539166124075,1539166124264,189,0.01956842857142857,0.06620371428571428,0.013624180599809436
1539166124418,1539166124637,219,0.006833375000000001,0.124778875,0.016855181876108433
1539166128029,1539166128169,140,0.015889599999999997,0.096646,0.01976025883846934
1539166142903,1539166143044,141,-0.09799640000000001,0.15605639999999998,0.019755145375808424
1539166143873,1539166143982,109,0.15775325,0.23862825,0.018483486011189418
1539166145216,1539166145372,156,0.4493566666666667,0.209686,0.042084173969998695
1539166145497,1539166145809,312,0.4320328,0.07620029999999998,0.01935920344760423
1539166149935,1539166150060,125,0.3292326,0.2951626,0.030143633015917985
1539166151357,1539166151513,156,0.2857272,0.25459060000000006,0.019711719643963937
1539166151606,1539166151732,126,0.254315,0.269478,0.02379449916003968
1539166152092,1539166152232,140,0.1768286,0.33852580000000004,0.03773482231368927
1539166152466,1539166152590,124,0.2473388,0.34993820000000003,0.048589757598087736
1539166152733,1539166153030,297,0.13808760000000003,0.3889433,0.01909094692917173
1539166153294,1539166153669,375,0.12984916666666668,0.4087685833333334,0.011764886603218705
1539166154091,1539166154262,171,0.12455899999999999,0.41890049999999995,0.01513062910349119
1539166154623,1539166154826,203,0.20165942857142857,0.3609941428571428,0.017657916119424216
1539166158045,1539166158153,108,-0.01579025,0.44675825,0.02136803302421158
1539166158216,1539166158325,109,-0.03338275,0.4194625,0.026133079945217408
1539166159092,1539166159419,327,-0.11924263636363636,0.16463672727272727,0.013899846449685086
1539166159483,1539166159857,374,-0.10540458333333334,0.18087033333333336,0.011576165377883816
1539166159920,1539166160107,187,-0.09631185714285714,0.17460114285714284,0.01384230080303728
1539166160622,1539166160825,203,-0.35165742857142857,0.2845682857142857,0.01638086901111168
1539166160888,1539166161279,391,-0.38912969230769223,0.3081913076923077,0.01839652883949248
1539166161341,1539166161450,109,-0.3580695,0.30006775,0.013799599490071143
1539166161544,1539166161826,282,-0.3287684444444444,0.30644866666666665,0.014037411795149649
1539166161889,1539166162012,123,-0.37756519999999993,0.32931619999999995,0.019686116462251803
1539166163419,1539166163779,360,-0.10195525,0.1903334166666667,0.01539188293961414
1539166164638,1539166164747,109,-0.07074649999999999,0.31845275,0.026387622549901086
1539166165014,1539166165341,327,-0.11955745454545454,0.18728818181818185,0.010447957869111514
1539166165403,1539166165840,437,-0.10037999999999998,0.19855307142857143,0.021306471015273738
1539166165935,1539166166044,109,-0.2242865,0.22862525,0.0197195315871024
1539166166294,1539166166419,125,-0.14403875,0.282966,0.019072557994237623
1539166166608,1539166166763,155,-0.23635466666666669,0.277931,0.009021402970974186
1539166166842,1539166166982,140,-0.2421732,0.280479,0.018699501589801836
1539166167076,1539166167200,124,-0.155965,0.2606496,0.014981695663934407
1539166167434,1539166168591,1157,-0.10954120588235294,0.17669261764705882,0.008949532668183869
1539166168653,1539166169622,969,-0.0878751935483871,0.17384787096774193,0.008546563125518145
1539166169905,1539166170029,124,-0.21608140000000003,0.26602760000000003,0.01992145348614848
1539166170092,1539166170232,140,-0.2411248,0.2836228,0.01723301372450183
1539166170732,1539166170857,125,-0.15530720000000003,0.2876256,0.02832413561948367
1539166170919,1539166171044,125,-0.10599375,0.299182,0.021420166553650817
1539166171404,1539166171529,125,-0.261182,0.32926160000000004,0.016535330567994555
1539166171732,1539166171841,109,-0.34096925,0.32846625,0.015063509788050369
1539166171966,1539166172091,125,-0.3626776,0.32662880000000005,0.020043059920891355
1539166172154,1539166172528,374,-0.35151324999999994,0.3201394166666666,0.011260873313910914
1539166172592,1539166172763,171,-0.37212266666666666,0.32736583333333336,0.01697651753755007
1539166172889,1539166172998,109,-0.38182075,0.35134774999999996,0.014351721140674957
1539166173327,1539166173467,140,-0.37791280000000005,0.36634259999999996,0.019749055272790368
1539166173732,1539166174154,422,-0.3620479285714286,0.34854207142857135,0.012945706576236112
1539166174216,1539166175326,1110,-0.3391073529411765,0.3572327647058824,0.012126872238409832
1539166175389,1539166175731,342,-0.33373745454545456,0.3539275454545454,0.011099338048984358
1539166175795,1539166176123,328,-0.3329241818181818,0.3516817272727273,0.013524973379611248
1539166176186,1539166176747,561,-0.3422660555555555,0.349535,0.012813207346554105
1539166176857,1539166178123,1266,-0.3312603333333333,0.3466147179487179,0.011296034360358915
1539166178186,1539166178466,280,-0.35193888888888886,0.3455772222222222,0.013393675420253203
1539166178811,1539166178919,108,-0.33965999999999996,0.3550705,0.017746835302266915
1539166178997,1539166179123,126,-0.3635288,0.3543622,0.016644059907481096
1539166179216,1539166179388,172,-0.35550533333333334,0.35616966666666666,0.01751784473600442
1539166179482,1539166179764,282,-0.34442855555555557,0.36306844444444447,0.014322179925561705
1539166179826,1539166180076,250,-0.3544744444444445,0.3502951111111111,0.011780900561510913
1539166180358,1539166182575,2217,-0.33194875,0.3449170882352941,0.012376443206059627
1539166182935,1539166183341,406,-0.3649915384615384,0.29880384615384614,0.015511540928616098
1539166183404,1539166183606,202,-0.37253299999999995,0.3186395714285714,0.011863096237844595
1539166183685,1539166183811,126,-0.3559688,0.3450562,0.019129902357241917
1539166183889,1539166184076,187,-0.3629098571428572,0.34158671428571424,0.019765450712665476
1539166184138,1539166184451,313,-0.3644273,0.33867400000000003,0.012876714295173508
1539166184513,1539166184747,234,-0.37442362500000004,0.336638625,0.013862855724629055
1539166184810,1539166185311,501,-0.3678408125,0.33641037500000004,0.016518342420699404
1539166185373,1539166185545,172,-0.3344805,0.33753833333333333,0.013847485444241093
1539166185608,1539166185809,201,-0.33253485714285713,0.34550457142857144,0.019075487927377042
1539166186076,1539166186201,125,-0.3532108,0.3425872,0.015596482872840623
1539166186389,1539166186638,249,-0.3669894444444444,0.3399497777777778,0.034461257479822725
1539166188263,1539166188405,142,-0.5644874,0.0589368,0.012709246036245191
1539166191373,1539166191498,125,-0.09539299999999999,0.1522932,0.02004825141614681
1539166191560,1539166191997,437,-0.12681642857142855,0.14700549999999998,0.011376102459522594
1539166192059,1539166192200,141,-0.1059172,0.1545238,0.04701913253214391
1539166192497,1539166192826,329,0.1460679090909091,0.28418181818181815,0.02962043255410747
1539166193232,1539166193357,125,-0.071105,0.27018,0.020883958192464292
1539166194654,1539166194826,172,-0.19647633333333334,0.24559883333333332,0.04107761583341626
1539166194983,1539166195091,108,-0.24403650000000002,0.253935,0.021146927146385382
1539166195420,1539166195529,109,-0.18299500000000002,0.31249775,0.03379061652885279
1539166195592,1539166195700,108,-0.11382724999999999,0.325735,0.045150518952026986
1539166195795,1539166195998,203,-0.25113900000000006,0.2810188571428571,0.014624540579227048
1539166196092,1539166196247,155,-0.2592718333333333,0.2955665,0.01532395428721974
1539166196311,1539166196435,124,-0.25452525000000004,0.2951415,0.020024610719393363
1539166197060,1539166197419,359,-0.12893400000000002,0.1951435833333333,0.011811244944881116
1539166197481,1539166197623,142,-0.116187,0.209721,0.013558632736593685
1539166197701,1539166198090,389,-0.1390423076923077,0.18815107692307692,0.010774593779004563
1539166198154,1539166199389,1235,-0.10755302631578947,0.18173828947368423,0.006868143907929529
1539166199451,1539166200779,1328,-0.11944134146341463,0.17781141463414638,0.0127910824802384
1539166200873,1539166200982,109,-0.247131,0.22714725,0.015789827060395376
1539166201248,1539166201450,202,-0.14091414285714285,0.1866327142857143,0.010559523253820313
1539166201513,1539166201888,375,-0.12150716666666668,0.177032,0.01059682462627908
1539166201950,1539166202356,406,-0.13809515384615384,0.17551938461538466,0.010435035954404138
1539166202419,1539166203575,1156,-0.10465277777777779,0.17552250000000003,0.009507058043066398
1539166203638,1539166203810,172,-0.1377668333333333,0.16756616666666668,0.026347324506315314
1539166204013,1539166204138,125,-0.22748580000000002,0.2574292,0.018129384316916252
1539166204513,1539166204966,453,-0.1251902,0.17425299999999996,0.00979177983603412
1539166205044,1539166205435,391,-0.14101176923076925,0.17304000000000003,0.01026363777631573
1539166205513,1539166207107,1594,-0.11443748979591836,0.17465024489795922,0.009643025675939155
1539166207185,1539166207686,501,-0.146644,0.16471625,0.01112783559619577
1539166207747,1539166208544,797,-0.11427244,0.17084204,0.010584972545026449
1539166208608,1539166208935,327,-0.14229272727272727,0.16527845454545453,0.023810691585237534
1539166209045,1539166209170,125,-0.2281212,0.21884800000000001,0.0169843490508704
1539166209232,1539166209622,390,-0.24542430769230766,0.21944053846153844,0.013376503331563087
1539166209747,1539166210170,423,-0.1268922857142857,0.1747772142857143,0.010046382168726997
1539166210233,1539166212169,1936,-0.1329949491525424,0.16737261016949154,0.009543465603793506
1539166212233,1539166212528,295,-0.1196443,0.1728801,0.0087001582577463
1539166212606,1539166213263,657,-0.10224904761904764,0.1743237142857143,0.01163933309034241
1539166213326,1539166213436,110,-0.15893975000000002,0.16780675,0.04121979653575064
1539166213654,1539166213794,140,-0.18000280000000002,0.1867198,0.016983807891553498
1539166214091,1539166214497,406,-0.16453692307692308,0.1698489230769231,0.012925514936647972
1539166214794,1539166214919,125,-0.24659399999999998,0.2531224,0.01844804086247767
1539166215029,1539166215232,203,-0.14743185714285717,0.1977567142857143,0.014657763159252043
1539166215295,1539166215655,360,-0.12384808333333334,0.17152091666666666,0.00935158299097691
1539166215733,1539166216028,295,-0.1358155,0.17107100000000003,0.01954369584580425
1539166216248,1539166216717,469,-0.09551253333333336,0.2404890666666667,0.011073221434484854
1539166216795,1539166216997,202,-0.11102142857142859,0.24225428571428573,0.013543614234447205
1539166217061,1539166217794,733,-0.14221656521739132,0.24375352173913048,0.010813324016411174
1539166217857,1539166218279,422,-0.09631264285714287,0.252408,0.01054992110083711
1539166218358,1539166218715,357,-0.09641175,0.29408825000000005,0.021838021586271808
1539166218825,1539166219451,626,-0.2083459,0.272136,0.01097575486418612
1539166219513,1539166220310,797,-0.1734418,0.241823,0.012579883118876362
1539166220419,1539166220528,109,-0.21613074999999998,0.24988500000000002,0.0678836033570508
1539166220623,1539166220747,124,-0.0989544,0.29599499999999995,0.011339432755763209
1539166220840,1539166223857,3017,-0.08061578021978023,0.22971116483516482,0.010561006518878178
1539166224045,1539166225716,1671,-0.0815258431372549,0.23788558823529415,0.012255755785903153
1539166225779,1539166226232,453,-0.0022518666666666663,0.23623246666666667,0.01475307102695859
1539166226481,1539166227654,1173,-0.04231572222222222,0.21649452777777775,0.010923085007895903
1539166227716,1539166227983,267,-0.08717666666666667,0.2277941111111111,0.016462724153255223
1539166228108,1539166228231,123,-0.0782122,0.19680460000000002,0.010850308349136877
1539166228309,1539166230107,1798,-0.07740185454545453,0.20245441818181814,0.013395465417525138
1539166230372,1539166230857,485,-0.0757304375,0.206082625,0.010237353783059528
1539166230936,1539166231294,358,-0.09453833333333334,0.20481533333333335,0.012104832929809198
1539166231530,1539166231935,405,0.017254230769230768,0.1978475384615385,0.013500674349087341
1539166231997,1539166233138,1141,0.012865942857142858,0.23305717142857146,0.011461086602075222
1539166233326,1539166233873,547,-0.0728604705882353,0.2145164705882353,0.009872742102119919
1539166233935,1539166234623,688,-0.07004559090909092,0.2152435454545455,0.008934105461448402
